DHSCLUST,Wealth Index,DHSID,longitude,latitude
1,-31881.6087,PH201700000001,122.1098067,6.674652119
2,-2855.375,PH201700000002,122.1320268,6.662255885
3,-57647.04762,PH201700000003,122.1794962,6.621822187
4,-54952.66667,PH201700000004,122.137965,6.485298469
5,-77819.16,PH201700000005,0,0
6,-80701.69565,PH201700000006,121.9160941,6.629457413
7,-62490.53846,PH201700000007,122.1610047,6.592994225
8,-80889.66667,PH201700000008,121.8580435,6.641469154
9,-77994.52,PH201700000009,122.134301,6.651692596
10,-135511.9615,PH201700000010,122.0557833,6.496529272
11,-107304.25,PH201700000011,121.8760488,6.540971095
12,-131172.0833,PH201700000012,122.0239901,6.332519069
13,76253,PH201700000013,121.9957353,6.71590322
14,-32643.82143,PH201700000014,121.9768844,6.701821528
15,-8792.869565,PH201700000015,121.9561083,6.694700467
16,-39917.13043,PH201700000016,121.9502706,6.735684071
17,17931.15789,PH201700000017,121.9620716,6.706627916
18,59813.11111,PH201700000018,122.0021482,6.726349599
19,-58036.77273,PH201700000019,124.1306725,7.51709919
20,-104656.4286,PH201700000020,0,0
21,-75593.73077,PH201700000021,124.1969017,7.578996812
22,-70545.11538,PH201700000022,124.1916366,7.932349209
23,-103012.5,PH201700000023,124.0388827,7.633657493
24,-99201.13889,PH201700000024,124.0491379,7.772362798
25,-78596.53846,PH201700000025,124.1183062,7.55896956
26,-89828.42308,PH201700000026,124.7455154,7.61333202
27,-97502.06667,PH201700000027,124.0697226,7.653298117
28,-63225.86111,PH201700000028,124.0805232,7.822728912
29,-88367.92308,PH201700000029,124.1824149,7.910407756
30,-137765.7241,PH201700000030,124.1630021,7.989235455
31,-65574.53846,PH201700000031,124.3343766,7.283068829
32,-73487.57692,PH201700000032,124.3460589,7.280491652
33,-104029.3793,PH201700000033,123.998412,7.008673216
34,-83074,PH201700000034,124.8835819,6.741738691
35,-103182.5172,PH201700000035,124.7223203,6.848016882
36,-107396.4615,PH201700000036,124.534736,6.948008939
37,-55420.27586,PH201700000037,124.1431493,7.135915724
38,-64695.34615,PH201700000038,124.1335087,6.970836547
39,-164958.9231,PH201700000039,124.1229711,6.947746709
40,-123934.3143,PH201700000040,124.4156874,7.094530629
41,-59945.07692,PH201700000041,124.5307719,6.84057779
42,-101041.8462,PH201700000042,124.8954331,6.744291509
43,842.7692308,PH201700000043,124.2277,7.188975542
44,81560.35,PH201700000044,124.2508881,7.227013004
45,6491.833333,PH201700000045,124.2456319,7.228163132
46,69627.05,PH201700000046,124.2494599,7.204556665
47,-25371.45,PH201700000047,124.2274456,7.188142938
48,-49772.68,PH201700000048,120.9827103,6.023434348
49,-119870.4074,PH201700000049,121.318311,5.968610969
50,-127733.8621,PH201700000050,121.3022582,5.953015064
51,-78682.24,PH201700000051,120.9800511,6.041745959
52,-142176.6923,PH201700000052,120.8486441,5.68078551
53,-167231.5185,PH201700000053,0,0
54,-86696.23077,PH201700000054,120.9896659,6.055320796
55,-149848.1154,PH201700000055,121.1617162,5.994878714
56,-131919.5,PH201700000056,121.1184734,6.017410096
57,-78232.5,PH201700000057,120.792258,5.539765746
58,-150667.5385,PH201700000058,120.9925626,6.196829758
59,-148128.5357,PH201700000059,120.8949879,5.961648502
60,-17651.75,PH201700000060,119.7693168,5.032312683
61,-47601,PH201700000061,119.8383768,5.098032029
62,-105186.8125,PH201700000062,120.2869819,5.215148165
63,-62318.5,PH201700000063,119.8146958,4.900372552
64,-120054.8095,PH201700000064,119.7665788,5.023099852
65,-59755.38095,PH201700000065,119.4805809,4.846972707
66,26319.5,PH201700000066,120.3364494,5.191484855
67,-145664.7222,PH201700000067,119.9106625,5.091490157
68,-111110.15,PH201700000068,120.2303923,5.20102201
69,14871.04762,PH201700000069,119.8058872,4.910802918
70,-101645.3636,PH201700000070,119.5016083,4.742426519
71,-104518.1818,PH201700000071,119.4010005,4.749635118
72,-62593.52941,PH201700000072,120.9130199,17.57054395
73,-18345.16,PH201700000073,120.7156809,17.46600383
74,65167.63636,PH201700000074,120.670525,17.55466178
75,19911.34783,PH201700000075,120.6951336,17.31734564
76,29942,PH201700000076,120.6031878,17.59150823
77,-34387.05,PH201700000077,120.8008379,17.42263694
78,-30335.78261,PH201700000078,120.713105,17.58871041
79,-26637.88,PH201700000079,120.7268802,17.57522435
80,23827.33333,PH201700000080,120.640388,17.58369873
81,-17866.625,PH201700000081,120.5993195,17.39361441
82,61470.95,PH201700000082,120.4947896,17.53199366
83,-46427.04,PH201700000083,120.5204785,17.6522941
84,-31794.94737,PH201700000084,121.3674182,18.18363051
85,-1679.727273,PH201700000085,121.2996874,17.78673938
86,-102830.4545,PH201700000086,121.3775005,17.65943536
87,-34295.63636,PH201700000087,121.4466512,18.23210212
88,-32643.41667,PH201700000088,121.3450376,17.75020759
89,-58278.72,PH201700000089,121.336236,17.78387644
90,-50967.69565,PH201700000090,121.377532,18.30686117
91,-88621.8,PH201700000091,0,0
92,-75633.66667,PH201700000092,121.2053372,17.97884756
93,-55378.13636,PH201700000093,121.2991112,18.20799886
94,-23853.15385,PH201700000094,121.4298594,18.2214234
95,-95034.44,PH201700000095,121.1890008,17.9349909
96,67020.4,PH201700000096,120.6322278,16.39714626
97,86786.75,PH201700000097,120.5521683,16.41114241
98,89351.9,PH201700000098,120.6088341,16.41404201
99,84762.25,PH201700000099,120.586541,16.39918925
100,104324.7,PH201700000100,120.5880835,16.39460034
101,97442.75,PH201700000101,120.592351,16.40611346
102,87923.1,PH201700000102,120.6200261,16.41257974
103,94935.7,PH201700000103,120.6244457,16.42430536
104,65269.69231,PH201700000104,120.6809822,16.46578562
105,61377,PH201700000105,120.5785575,16.44200941
106,258.7692308,PH201700000106,120.8378946,16.65431682
107,74435.48148,PH201700000107,120.5520525,16.42873235
108,114194.5769,PH201700000108,120.5873503,16.44572263
109,83401.23077,PH201700000109,120.578956,16.4474683
110,50898.65385,PH201700000110,120.6828369,16.45676231
111,49818.57692,PH201700000111,120.7829794,16.86525828
112,-67146.76923,PH201700000112,120.7233716,16.82493801
113,60018.57692,PH201700000113,120.6143449,16.35289462
114,64846.5,PH201700000114,120.6650487,16.42745164
115,64637.69231,PH201700000115,120.5883882,16.44483317
116,-20793.07692,PH201700000116,121.5594731,16.92235316
117,-91277.92308,PH201700000117,121.1592259,16.95936949
118,-91392.23077,PH201700000118,121.1333675,16.98518467
119,87068.61538,PH201700000119,121.081862,16.78407556
120,-49488.73077,PH201700000120,121.0836518,16.82510235
121,-54604.46154,PH201700000121,0,0
122,-24135.88462,PH201700000122,121.4630629,16.93835215
123,-62427.80769,PH201700000123,121.1114202,16.91423255
124,-70464,PH201700000124,121.1634653,16.96062766
125,106722.0769,PH201700000125,121.1365226,16.80484179
126,-18590.07692,PH201700000126,121.0943624,16.72217496
127,-23317.96154,PH201700000127,121.1487884,16.78228387
128,27533.76,PH201700000128,121.4579239,17.45134335
129,7508.315789,PH201700000129,121.589726,17.52785122
130,-63780.52174,PH201700000130,121.2328698,17.49708154
131,-83963.45455,PH201700000131,121.1518628,17.30571702
132,-46424.5,PH201700000132,121.1661255,17.28257073
133,-91342.94737,PH201700000133,121.0276692,17.32740004
134,17766.26087,PH201700000134,121.4343565,17.40417809
135,-105652.15,PH201700000135,121.2568586,17.49614744
136,-27165.09091,PH201700000136,121.4625853,17.62560632
137,35590.96,PH201700000137,121.4331535,17.49312758
138,14379.84,PH201700000138,121.4425739,17.40735605
139,-31467.80952,PH201700000139,121.4727107,17.46552181
140,-20202.88462,PH201700000140,121.0974921,17.02518273
141,-66567.5,PH201700000141,121.0167577,17.0404978
142,-88852.30769,PH201700000142,121.398117,17.20112271
143,-20933.61905,PH201700000143,120.8780344,17.00001049
144,-8124.653846,PH201700000144,120.8645238,16.85076679
145,1876.125,PH201700000145,120.9025397,17.11406516
146,-16609.05556,PH201700000146,121.1555857,17.09258172
147,-82420.61538,PH201700000147,121.4111187,17.19964543
148,-50856.23077,PH201700000148,121.2665506,17.07489491
149,-43846.5,PH201700000149,120.8766689,17.04964778
150,-21690.1,PH201700000150,120.8660257,16.93641571
151,-10871.52174,PH201700000151,120.8432713,16.89159998
152,115677,PH201700000152,125.4922714,8.966637765
153,-3334.833333,PH201700000153,125.5179898,8.975712719
154,23845.94118,PH201700000154,125.61305,8.954348641
155,35008.82353,PH201700000155,125.5016636,8.972102065
156,75826.10526,PH201700000156,125.5847382,8.941186028
157,44885.68421,PH201700000157,125.5452759,8.969490507
158,30783.55556,PH201700000158,125.5312202,8.949528609
159,-65067,PH201700000159,125.5895566,8.805016948
160,2017.26087,PH201700000160,125.5347237,9.167938905
161,-52344.21739,PH201700000161,125.5615995,9.147186208
162,-44459.91304,PH201700000162,125.5966606,9.086979296
163,37682.15385,PH201700000163,125.4163109,8.973888486
164,-24920.625,PH201700000164,125.2961252,8.932035009
165,-58230.6087,PH201700000165,125.6599739,8.733250047
166,28738.72727,PH201700000166,125.5589227,9.056487372
167,-40092.84,PH201700000167,125.5433514,9.080188399
168,-66313.2,PH201700000168,125.5603892,9.251611989
169,88146.16667,PH201700000169,125.3406955,8.969577191
170,-30556.95455,PH201700000170,0,0
171,-58967.86364,PH201700000171,125.5956864,8.72223063
172,-25267.875,PH201700000172,125.8587242,8.486732387
173,-49397.85714,PH201700000173,125.7722539,8.454416638
174,-70209.5,PH201700000174,125.8500563,8.878139252
175,-66833.24,PH201700000175,125.800041,8.192685858
176,-37525.84,PH201700000176,126.0063518,8.08663726
177,-90917.04545,PH201700000177,125.916773,8.036366926
178,-13688.19231,PH201700000178,125.7516663,8.705670694
179,-89479.30435,PH201700000179,125.7964952,8.416862608
180,-84832.16667,PH201700000180,125.7988554,8.390995873
181,40192.125,PH201700000181,126.0042351,8.390670922
182,42234.36,PH201700000182,0,0
183,-103741.0952,PH201700000183,125.940243,8.114694409
184,-20564.32,PH201700000184,125.5516202,10.31326244
185,16875,PH201700000185,125.5793974,10.01282411
186,-42180.07692,PH201700000186,0,0
187,-49910.70588,PH201700000187,125.5854376,10.08737772
188,41035.56522,PH201700000188,125.5717336,10.00840293
189,-40840.79167,PH201700000189,125.552784,9.948016176
190,-15624.95238,PH201700000190,125.550042,10.17697719
191,2995.73913,PH201700000191,125.6012386,9.997643184
192,-63723.08,PH201700000192,0,0
193,-3157.35,PH201700000193,125.5979257,10.06729423
194,-80046.53846,PH201700000194,125.5074832,10.11075722
195,35126.05263,PH201700000195,0,0
196,71349.03846,PH201700000196,125.4902076,9.792564909
197,31037.45833,PH201700000197,125.4940324,9.763683301
198,-38080.03704,PH201700000198,125.5211267,9.748681402
199,-36636.17391,PH201700000199,126.105683,9.889792973
200,-28877.83333,PH201700000200,125.5657541,9.54161862
201,-22545.84615,PH201700000201,125.5891447,9.697392177
202,76361.24138,PH201700000202,125.495246,9.788898141
203,24731.16,PH201700000203,125.4668353,9.796027566
204,-17016.86957,PH201700000204,126.1231012,9.772282743
205,23166.5,PH201700000205,125.558358,9.540866332
206,-15441.69231,PH201700000206,125.5130243,9.620309417
207,-46505.25,PH201700000207,125.7627236,9.487204544
208,-3415.916667,PH201700000208,126.2304493,9.016525674
209,-34717.5,PH201700000209,125.9735215,8.914437201
210,-14565.89474,PH201700000210,126.3129061,8.890592738
211,89604.58333,PH201700000211,126.3469142,8.17414178
212,-56128.84,PH201700000212,126.1158049,8.69415165
213,-78757.85714,PH201700000213,126.3387335,8.501719891
214,15775.35,PH201700000214,126.2076102,9.043432802
215,-58412.04348,PH201700000215,126.0340559,9.209562286
216,-41202.7,PH201700000216,126.2775022,8.909114065
217,62558,PH201700000217,126.1245378,8.533575599
218,-53293.33333,PH201700000218,126.2390843,8.501766643
219,-99744.25,PH201700000219,126.2857347,8.423983612
220,97456.46667,PH201700000220,121.0788834,14.75146029
221,94523.75,PH201700000221,121.0465254,14.7587695
222,66907.2381,PH201700000222,121.0139695,14.74523638
223,78759.3,PH201700000223,121.0486603,14.78068466
224,62314.7,PH201700000224,121.0305945,14.74435457
225,104213.5,PH201700000225,121.0065394,14.68547515
226,112627.9048,PH201700000226,120.9671887,14.63527924
227,40275.78261,PH201700000227,120.9823082,14.65345745
228,49376.92,PH201700000228,120.9615108,14.674093
229,92028.72727,PH201700000229,120.9359906,14.67540592
230,76162.54545,PH201700000230,120.9599135,14.68613838
231,91283.9,PH201700000231,120.9514991,14.6692463
232,95737.25,PH201700000232,120.9538649,14.66146346
233,65037,PH201700000233,120.9733341,14.68266942
234,36266.15,PH201700000234,120.9906719,14.66416257
235,47710.2,PH201700000235,120.9688454,14.67412507
236,192056.9412,PH201700000236,120.9933309,14.45348265
237,75724.8,PH201700000237,120.986407,14.46328711
238,59145.10526,PH201700000238,120.9945742,14.45976533
239,48726,PH201700000239,120.989687,14.46639231
240,169458.3333,PH201700000240,121.0222735,14.42834366
241,74179.2,PH201700000241,121.0310128,14.42535682
242,150971.0625,PH201700000242,0,0
243,47736.07143,PH201700000243,121.0135944,14.43233412
244,93716.05263,PH201700000244,121.0366366,14.5504599
245,213721.3846,PH201700000245,121.0223457,14.49794791
246,144913.6,PH201700000246,121.0230527,14.54425588
247,141029.5263,PH201700000247,120.9973892,14.57099141
248,139322.3,PH201700000248,121.0575246,14.57011436
249,129951.7895,PH201700000249,121.073434,14.55836619
250,65804.63158,PH201700000250,121.0396237,14.5577622
251,109791.8696,PH201700000251,121.0693505,14.53738592
252,173889.75,PH201700000252,121.0396516,14.5730867
253,195758.7273,PH201700000253,121.0677558,14.56473191
254,52832.08696,PH201700000254,121.0429338,14.58088499
255,77032.1,PH201700000255,121.0402079,14.58586701
256,135271.4545,PH201700000256,121.0433551,14.58559159
257,122731.4667,PH201700000257,121.0286276,14.58460009
258,136444.6316,PH201700000258,121.0212421,14.58940146
259,69746.5,PH201700000259,121.0391691,14.57525967
260,122024.24,PH201700000260,120.9676286,14.63059122
261,92997.4,PH201700000261,120.9645644,14.60845393
262,140020.3684,PH201700000262,120.9858947,14.61513569
263,114476.4,PH201700000263,120.9974028,14.60243636
264,72425.26087,PH201700000264,120.9949467,14.59605663
265,168446.5294,PH201700000265,121.0196785,14.59054483
266,96009.35,PH201700000266,121.0135542,14.59343996
267,131238.4615,PH201700000267,121.0060921,14.58948177
268,159476.3125,PH201700000268,121.1028516,14.66382665
269,143001.1538,PH201700000269,121.1165077,14.63930374
270,133261.35,PH201700000270,121.117037,14.66089951
271,80809.33333,PH201700000271,121.1083157,14.67551595
272,146639.1765,PH201700000272,121.091988,14.64646694
273,117078.8421,PH201700000273,121.0848737,14.63652062
274,94995.83333,PH201700000274,121.0957223,14.64161442
275,86658.68421,PH201700000275,121.0964017,14.6526113
276,48097.9,PH201700000276,121.046738,14.42798881
277,220884.25,PH201700000277,121.0335926,14.43522268
278,64009.68421,PH201700000278,121.0343817,14.42839382
279,21589.8,PH201700000279,121.0563776,14.41233642
280,110762.7,PH201700000280,121.0361247,14.39446721
281,67430.2381,PH201700000281,121.0310048,14.40856493
282,119871.25,PH201700000282,121.0545906,14.40099107
283,71075.26087,PH201700000283,121.0303044,14.38499496
284,61016.47368,PH201700000284,120.9391813,14.67785368
285,-8930.269231,PH201700000285,120.9374942,14.66891853
286,107877.9091,PH201700000286,120.950366,14.66419136
287,15245.34783,PH201700000287,120.929347,14.67993469
288,61988.95455,PH201700000288,120.9489487,14.65938872
289,86043.41176,PH201700000289,120.9558484,14.64495776
290,18957.05,PH201700000290,120.9595413,14.63771314
291,12948.41667,PH201700000291,120.9595215,14.65162211
292,186924.4667,PH201700000292,121.009365,14.49883362
293,85412.5,PH201700000293,121.0182231,14.48087102
294,61425.05,PH201700000294,120.9997421,14.51902575
295,78821.57143,PH201700000295,120.9955824,14.49524008
296,181234.7778,PH201700000296,121.0190652,14.49010721
297,97139.83333,PH201700000297,121.0312689,14.47268006
298,57693.05,PH201700000298,121.0357055,14.47380809
299,87002.7,PH201700000299,121.0401882,14.4603909
300,33595.61905,PH201700000300,121.0061474,14.54912491
302,67546.125,PH201700000302,120.9853994,14.56272268
303,76900.57143,PH201700000303,120.9982592,14.54672635
304,96854.21053,PH201700000304,120.9986508,14.52896846
305,66771.65,PH201700000305,121.0308581,14.51026378
306,80576.88889,PH201700000306,121.0085564,14.52142909
307,24905.42857,PH201700000307,121.0050202,14.53501278
308,128042.5,PH201700000308,121.1159644,14.57236385
309,107454.1,PH201700000309,121.1011256,14.63287492
310,67253.52632,PH201700000310,121.0980674,14.58151016
311,179971.55,PH201700000311,121.0855391,14.60581154
312,140285.8947,PH201700000312,121.0849195,14.57068118
313,104759.1,PH201700000313,121.0864733,14.56358668
314,85594.65217,PH201700000314,121.0839872,14.560075
315,83715.94737,PH201700000315,121.1064961,14.54076724
316,109741.95,PH201700000316,121.0614291,14.55251835
317,32781.47619,PH201700000317,121.063759,14.54562374
318,100814,PH201700000318,121.073048,14.54068345
319,174745.375,PH201700000319,121.0592469,14.72332345
320,188874,PH201700000320,121.0473337,14.69511834
321,76981.68182,PH201700000321,121.0917619,14.69739279
322,173558.5556,PH201700000322,121.0246643,14.67525257
323,34230.11111,PH201700000323,121.0757372,14.68246531
324,37726.45,PH201700000324,121.011728,14.65422914
325,147935.7857,PH201700000325,121.0264619,14.62615576
326,71052.73684,PH201700000326,121.0149489,14.61278117
327,96361.70833,PH201700000327,121.0481098,14.60302585
328,138830.6667,PH201700000328,121.0393334,14.59898253
329,74816.08696,PH201700000329,121.0288542,14.60562192
330,175912.4444,PH201700000330,121.0662866,14.54285807
331,166948.4444,PH201700000331,121.0506234,14.52281123
332,107424.8696,PH201700000332,121.0545795,14.51460525
333,106643.2273,PH201700000333,121.0234479,14.52525322
334,88749.10526,PH201700000334,121.0561176,14.50734107
335,128693.5556,PH201700000335,121.0514009,14.52113947
336,84927.15,PH201700000336,121.0400939,14.49008924
337,86657.09091,PH201700000337,121.056189,14.48168575
338,102632.7619,PH201700000338,120.9928596,14.68725057
339,66962.44444,PH201700000339,120.9854622,14.73604966
340,100073.8095,PH201700000340,120.975939,14.71770714
341,69558.66667,PH201700000341,120.9845463,14.72860386
342,113518.6364,PH201700000342,121.0007973,14.68353134
343,123472,PH201700000343,120.953499,14.71516646
344,63415,PH201700000344,120.9931677,14.66759688
345,62687.45833,PH201700000345,120.9686702,14.68377485
346,33453.95238,PH201700000346,122.9607929,10.81282275
347,-20544.3,PH201700000347,123.042812,10.58978789
348,-17146.83333,PH201700000348,123.4641656,10.8838242
349,-23546.8,PH201700000349,122.4473053,9.814702236
350,-55198.77273,PH201700000350,122.8562278,10.28143822
351,-58230.91667,PH201700000351,123.0157252,10.36527021
352,-30308.625,PH201700000352,123.0510347,10.82515688
353,-64673.63636,PH201700000353,123.5124406,10.88493062
354,-164734.913,PH201700000354,123.1990425,10.55760506
355,1749.916667,PH201700000355,122.9472854,10.58944199
356,71298.91304,PH201700000356,122.4443559,9.751708916
357,-51819.68,PH201700000357,122.924105,10.48468096
358,156897.0625,PH201700000358,122.9876579,10.66673708
359,-19604.78261,PH201700000359,123.0531186,10.67285866
360,3223.478261,PH201700000360,122.9564983,10.66298644
361,52849.70588,PH201700000361,123.0191047,10.65220124
362,125271.9286,PH201700000362,122.9565072,10.62951921
363,29162.33333,PH201700000363,122.945956,10.65794668
364,43582.44444,PH201700000364,122.9098515,10.60045562
365,-17337.93333,PH201700000365,122.9704283,10.60745892
366,91534.76923,PH201700000366,123.0294895,10.67204646
367,147047.1667,PH201700000367,122.9937771,10.67438936
368,82210.06667,PH201700000368,122.9701125,10.68769401
369,2366.25,PH201700000369,122.9789138,10.64571575
370,154762.5,PH201700000370,122.9632334,10.6494944
371,-57168.88235,PH201700000371,123.0134104,10.62021047
372,3586.571429,PH201700000372,122.9405053,10.62149011
373,34206.5,PH201700000373,122.9335025,10.66155301
374,11606.47619,PH201700000374,123.1132876,9.60961404
375,29064,PH201700000375,123.0749091,9.573378901
376,-51099.56522,PH201700000376,123.0703608,9.526569864
377,94323.26316,PH201700000377,123.3043062,9.309553829
378,-55253.77273,PH201700000378,122.9925873,9.070603388
379,-25044,PH201700000379,123.2614205,9.222964344
380,-22097.2381,PH201700000380,123.1690442,9.469223226
381,-61138.61905,PH201700000381,123.3155284,10.27438613
382,-131010.1053,PH201700000382,123.09779,10.04239389
383,41157,PH201700000383,122.797946,9.368393158
384,-15531.28571,PH201700000384,123.0604187,9.056044603
385,-108132.2857,PH201700000385,123.0730306,9.203045706
386,33653,PH201700000386,120.5645423,18.27189206
387,35672.56,PH201700000387,120.5685064,18.2021948
388,32203.46154,PH201700000388,120.6911128,18.07391419
389,50831.33333,PH201700000389,120.5102032,18.06101651
390,73691.28,PH201700000390,120.6630737,18.15569417
391,23821.47619,PH201700000391,120.8099586,18.59806947
392,129365.1304,PH201700000392,120.5625446,18.06443729
393,23761.625,PH201700000393,120.6866335,18.00554369
394,117566.5217,PH201700000394,120.6901708,18.07191161
395,18831.04,PH201700000395,120.5414374,18.19151451
396,9332.074074,PH201700000396,120.4796278,18.06888927
397,79277.15385,PH201700000397,120.5706607,18.05788808
398,68617.36364,PH201700000398,120.4210093,17.65270153
399,29328.54545,PH201700000399,120.5098058,17.4858074
400,-23625.35,PH201700000400,120.5291941,17.85581892
401,67406.08,PH201700000401,120.4560765,17.21190432
402,18617.96,PH201700000402,120.4835352,17.10038257
403,52240.375,PH201700000403,120.4272064,17.17123178
404,41964.04348,PH201700000404,0,0
405,138422.8333,PH201700000405,120.3951326,17.57603656
406,102529.2632,PH201700000406,120.3963411,17.55460912
407,36888.45455,PH201700000407,120.520291,17.14116287
408,34265.375,PH201700000408,120.5108646,17.24190949
409,-10979.05263,PH201700000409,120.7394532,16.93732787
410,70591.86364,PH201700000410,120.4332591,16.82419615
411,-3083.76,PH201700000411,120.3942319,16.60477344
412,-28456,PH201700000412,120.4251297,16.61277461
413,7930.277778,PH201700000413,0,0
414,20654.6087,PH201700000414,120.333674,16.56806146
415,19587.52174,PH201700000415,0,0
416,111760.25,PH201700000416,120.30959,16.60827745
417,3551.458333,PH201700000417,120.4117647,16.86933611
418,103794.087,PH201700000418,120.3086041,16.63663177
419,-76698,PH201700000419,120.3783111,16.80469244
420,4724,PH201700000420,120.4007577,16.5117162
421,25483.33333,PH201700000421,120.4207998,16.43759765
422,51619.21739,PH201700000422,120.4605948,16.06313826
423,2734.5,PH201700000423,120.6688959,16.03131025
424,18880.34615,PH201700000424,120.4165967,16.10290334
425,103751.7368,PH201700000425,119.9881765,16.16149302
426,36874.77273,PH201700000426,120.3564937,16.08236642
427,7844.777778,PH201700000427,120.3151368,16.01183265
428,67153.13043,PH201700000428,120.707268,15.96495954
429,25182.41667,PH201700000429,120.5741509,15.83846844
430,44553.04545,PH201700000430,120.4768872,15.81530183
431,5937.65,PH201700000431,119.9248326,16.09587662
432,-18499.75,PH201700000432,120.2732061,15.76335758
433,-34382.21739,PH201700000433,120.2089892,15.91219492
434,106340.5263,PH201700000434,121.9595449,20.45878004
435,-12791.86957,PH201700000435,121.8201334,20.70594229
436,92266,PH201700000436,121.9794522,20.47045747
437,87688.95238,PH201700000437,121.9557377,20.41811536
438,91036.6,PH201700000438,121.9498808,20.37628182
439,58356.2381,PH201700000439,121.9929307,20.44904231
440,117893.95,PH201700000440,121.9727641,20.45080831
441,56001.3,PH201700000441,121.9405703,20.35956339
442,74045.625,PH201700000442,121.9694492,20.42627361
443,72673.45455,PH201700000443,121.9694086,20.45968824
444,86029.89474,PH201700000444,121.9398149,20.38924355
445,77072.08333,PH201700000445,121.942499,20.41278726
446,33535.27273,PH201700000446,121.6180382,18.03720191
447,-20079.5,PH201700000447,121.1146175,18.59155351
448,-28232.09524,PH201700000448,0,0
449,21013.59091,PH201700000449,121.7856256,17.91668732
450,95403.8,PH201700000450,121.7552448,17.66606572
451,-65808.25,PH201700000451,121.8345627,17.79312681
452,-1983.086957,PH201700000452,122.1079133,18.33400084
453,49815.18182,PH201700000453,121.5216118,18.38939516
454,-25148.2,PH201700000454,121.6011084,17.83899016
455,37069.52,PH201700000455,121.7300646,17.9397306
456,13164.26087,PH201700000456,121.8314309,17.68888714
457,-59617.92308,PH201700000457,121.7477593,17.86896146
458,15807.3913,PH201700000458,121.6132691,17.11956517
459,1484.85,PH201700000459,121.622938,17.20359725
460,39315.04167,PH201700000460,121.7377113,17.14328348
461,-11914.72727,PH201700000461,121.5701789,16.72413357
462,-32701.6087,PH201700000462,121.8816791,16.90433959
463,2817.478261,PH201700000463,121.7152476,16.71433812
464,54114.94444,PH201700000464,121.9321365,17.14247289
465,-616.9583333,PH201700000465,121.8785318,16.93023315
466,-35183.2,PH201700000466,121.7473877,17.47524643
467,70386.07692,PH201700000467,121.4661747,16.77344089
468,-44703.34783,PH201700000468,121.7109593,16.56253328
469,1908.666667,PH201700000469,121.8105777,16.89447666
470,11905.91667,PH201700000470,121.2206341,16.54439336
471,52084.73684,PH201700000471,121.1601987,16.47604197
472,21740.12,PH201700000472,121.004566,16.28596218
473,127691.6957,PH201700000473,121.1072064,16.4007008
474,-55687.92,PH201700000474,120.9841226,16.20344596
475,-35008.72727,PH201700000475,121.3274021,16.23077797
476,44295.30769,PH201700000476,121.2682365,16.56417525
477,4375.363636,PH201700000477,121.1659593,16.56614053
478,-70235.95455,PH201700000478,121.3356646,16.63072179
479,22330.43478,PH201700000479,121.0598951,16.27627632
480,24807.13043,PH201700000480,121.0881889,16.33719626
481,-93067.44,PH201700000481,121.0600148,16.39648475
482,85677.54167,PH201700000482,121.542519,16.5068317
483,-3099.2,PH201700000483,121.5263078,16.58052294
484,-48272.15789,PH201700000484,121.4000091,16.48125072
485,90472.52174,PH201700000485,121.6973894,16.34023471
486,35422.55,PH201700000486,121.6802918,16.26963584
487,-24271.75,PH201700000487,121.5537711,16.13983444
488,69414.3,PH201700000488,121.5200802,16.58380999
489,28234,PH201700000489,121.5568196,16.53784466
490,-55616.4,PH201700000490,121.4471911,16.56257808
491,58319.27273,PH201700000491,121.6044484,16.47178924
492,35819.27273,PH201700000492,121.6298705,16.3142103
493,-57174.86957,PH201700000493,121.6156098,16.37442517
494,77074.21739,PH201700000494,121.5133767,15.8456353
495,-41857.7619,PH201700000495,121.5383752,15.9701177
496,3768.375,PH201700000496,122.165968,16.43456614
497,112201.5714,PH201700000497,121.545905,15.74331804
498,-4039.764706,PH201700000498,121.4861292,15.77910327
499,28343,PH201700000499,121.4766463,15.7289191
500,19667.5,PH201700000500,121.5133753,15.81324055
501,-30268.875,PH201700000501,121.6451261,16.00102192
502,-34608.13043,PH201700000502,122.0163899,16.20231076
503,9501.73913,PH201700000503,121.5203417,15.72731229
504,20062.83333,PH201700000504,121.5218453,15.72973611
505,-41633.15789,PH201700000505,121.6037723,15.65554414
506,113879.8636,PH201700000506,120.4808839,14.85117743
507,47172.88,PH201700000507,120.4543815,14.62888632
508,38903.15,PH201700000508,120.2955593,14.65810399
509,65480.7037,PH201700000509,120.5462722,14.6679303
510,96320.625,PH201700000510,120.5027489,14.65255113
511,89610,PH201700000511,120.5612785,14.62279612
512,76654.17391,PH201700000512,120.4082378,14.55549101
513,77610.73913,PH201700000513,120.5390137,14.81363061
514,19821.85,PH201700000514,120.280647,14.73495488
515,103761.95,PH201700000515,120.5940975,14.56992898
516,13709.08,PH201700000516,120.5871933,14.5674701
517,61214.76923,PH201700000517,120.5056292,14.451432
518,109539.3333,PH201700000518,120.9714869,14.85717535
519,49453.06667,PH201700000519,121.0487928,14.8638959
520,130956.3333,PH201700000520,121.0191813,14.78718238
521,90604.95652,PH201700000521,120.837529,14.88817775
522,95422.26087,PH201700000522,120.735347,14.85036574
523,67175.04,PH201700000523,120.9095494,14.85988499
524,45351.33333,PH201700000524,120.9278713,14.89156662
525,36235.56522,PH201700000525,121.0268275,15.23147469
526,69420.33333,PH201700000526,120.9345718,14.95395087
527,112341.52,PH201700000527,120.7830085,14.91935646
528,110569.2632,PH201700000528,120.9348728,14.70122725
529,28514.82609,PH201700000529,120.7218378,14.81107246
530,-445.3461538,PH201700000530,120.8953858,15.73042801
531,50729.82609,PH201700000531,120.9023313,15.60257298
532,-1609.666667,PH201700000532,121.2451837,15.63502723
533,44979.26087,PH201700000533,120.8869807,15.30076292
534,4656.88,PH201700000534,120.8629811,15.27381569
535,42150.17391,PH201700000535,120.9789722,15.34175926
536,61245.36,PH201700000536,120.993474,15.77893897
537,47302.85,PH201700000537,120.6545669,15.76986487
538,-4086.181818,PH201700000538,121.0488015,16.01032382
539,78126.08333,PH201700000539,121.0265913,15.47433965
540,36618.04545,PH201700000540,121.0858915,15.59799519
541,31779.11538,PH201700000541,121.0662952,15.32068453
542,105020.5333,PH201700000542,120.601519,15.13503035
543,114099,PH201700000543,120.6334211,15.16149754
544,103560.3636,PH201700000544,120.5669777,15.17087517
545,77106.05882,PH201700000545,120.5907217,15.15568978
546,142817.5882,PH201700000546,120.6042042,15.1444929
547,79494.63636,PH201700000547,120.6133664,15.12407467
548,-21200.5,PH201700000548,120.509985,15.16609916
549,104674.7333,PH201700000549,120.5548362,15.15154506
550,85626.59091,PH201700000550,120.6678457,15.24014018
551,100389.2,PH201700000551,120.6690445,15.12535907
552,87532.57143,PH201700000552,120.6298031,15.22401613
553,140926.0714,PH201700000553,120.6383587,15.11598393
554,99830.31818,PH201700000554,120.7447935,14.94258047
555,98080.69565,PH201700000555,120.7566795,14.95226193
556,51210.72,PH201700000556,120.6813874,15.13017006
557,76829.31818,PH201700000557,120.7201833,15.06101157
558,62348.92,PH201700000558,120.6903189,15.02294351
559,103152.2174,PH201700000559,120.6530398,14.96561911
560,64469.14286,PH201700000560,120.7792935,14.96760191
561,73636.37037,PH201700000561,120.7155624,15.02121319
562,10304.28571,PH201700000562,120.5954504,15.78504348
563,37020.45833,PH201700000563,120.4634897,15.72224585
564,2362.0625,PH201700000564,120.3316647,15.6978216
565,65355.84,PH201700000565,120.6137923,15.46213167
566,131027.625,PH201700000566,120.5869099,15.48391843
567,79362.79167,PH201700000567,120.5236149,15.25960861
568,16500.61905,PH201700000568,120.5789089,15.62678345
569,-20386.45833,PH201700000569,120.5553167,15.68607569
570,18886.07143,PH201700000570,120.6634521,15.57335691
571,114547.0588,PH201700000571,120.5997652,15.42327578
572,100134.6957,PH201700000572,120.6663323,15.42613775
573,2872.695652,PH201700000573,120.6057804,15.48137847
574,123464.7857,PH201700000574,120.2943847,14.85629743
575,75262.68421,PH201700000575,120.3003137,14.84742098
576,70408.66667,PH201700000576,120.302142,14.84416003
577,32883.68421,PH201700000577,120.3039961,14.84292629
578,51007.35294,PH201700000578,120.3185993,14.83737381
579,89610.70588,PH201700000579,120.267952,14.84203507
580,85978.68421,PH201700000580,120.2895059,14.84292497
581,124118.0625,PH201700000581,120.2727513,14.84094103
582,46768.90909,PH201700000582,120.0480688,15.13091906
583,18866.85185,PH201700000583,119.9355071,15.58499871
584,-42270.20833,PH201700000584,120.0686774,15.15682876
585,85471.16667,PH201700000585,120.1032103,15.0629501
586,50473.04348,PH201700000586,120.2019147,14.90821151
587,-9905.05,PH201700000587,120.2258235,14.97210604
588,121717.0909,PH201700000588,120.0359856,15.16296638
589,27311.52632,PH201700000589,119.953812,15.48632647
590,22828.17391,PH201700000590,119.9577916,15.52590588
591,-111458.125,PH201700000591,120.2257147,15.16240153
592,93283.26087,PH201700000592,120.2397902,14.91372435
593,36633.52,PH201700000593,120.1954083,14.94448139
594,66691.5,PH201700000594,0,0
595,58572.55556,PH201700000595,0,0
596,-22363.41667,PH201700000596,0,0
597,59350.61538,PH201700000597,0,0
598,68498.7619,PH201700000598,0,0
599,81404.04167,PH201700000599,0,0
600,22772.16667,PH201700000600,0,0
601,96105.33333,PH201700000601,0,0
602,-992.9130435,PH201700000602,0,0
603,98097,PH201700000603,0,0
604,67315.20833,PH201700000604,0,0
605,-21830.22727,PH201700000605,0,0
606,122389.0526,PH201700000606,120.9222508,14.43382845
607,124552.6957,PH201700000607,120.919666,14.40790733
608,36548,PH201700000608,120.8438018,14.41228138
609,79346.04,PH201700000609,121.0011817,14.28833393
610,57356.8,PH201700000610,120.8641825,14.20206329
611,48106.28571,PH201700000611,120.7952714,14.27909187
612,155621.0526,PH201700000612,120.9454582,14.31031659
613,135402.3,PH201700000613,120.9301638,14.40867474
614,132138.3,PH201700000614,120.9225637,14.38325798
615,29659.08696,PH201700000615,120.8739231,14.3926823
616,54849.375,PH201700000616,120.8573282,14.39019979
617,29748.94737,PH201700000617,120.9335036,14.09029317
618,44493.84615,PH201700000618,121.3249598,14.12523349
619,73105.46154,PH201700000619,121.2271469,14.20456578
620,6752,PH201700000620,121.2537534,14.15102219
621,39662.16,PH201700000621,121.0659762,14.26138378
622,95893.23077,PH201700000622,121.1305125,14.27322345
623,28019.28,PH201700000623,121.0976585,14.2891464
624,60897.10345,PH201700000624,121.422095,14.46538423
625,19984.30769,PH201700000625,121.3364942,14.08518072
626,108631.4231,PH201700000626,121.0831195,14.20071014
627,100968.64,PH201700000627,121.1462332,14.24738354
628,-3059.52,PH201700000628,121.0524386,14.33058205
629,53860.07692,PH201700000629,121.2005532,14.17889248
630,2267.863636,PH201700000630,121.6190119,13.9608601
631,84127.41176,PH201700000631,121.5967157,13.9361335
632,39495.9,PH201700000632,121.6093618,13.92488922
633,30832.11765,PH201700000633,121.5725898,13.94788124
634,-40418.6,PH201700000634,121.5879107,13.90380365
635,123510.9091,PH201700000635,121.4290697,13.93499477
636,41543.8,PH201700000636,121.3576753,13.94886929
637,-78974.25,PH201700000637,121.9388083,13.9570836
638,38307,PH201700000638,122.2838079,13.95125462
639,-13598.42105,PH201700000639,121.9239489,13.86009994
640,-27074.05263,PH201700000640,122.5163097,14.01948538
641,75219.82609,PH201700000641,121.6518342,14.14850278
642,-16319.96,PH201700000642,121.5230027,13.96380617
643,-4076.454545,PH201700000643,121.3208624,13.87906896
644,-45371.09091,PH201700000644,122.4346904,14.02915353
645,-53987.68182,PH201700000645,122.6197172,14.00823576
646,-84830.04545,PH201700000646,122.4814643,13.6360349
647,85827.38462,PH201700000647,121.1424834,14.71216059
648,50966.19231,PH201700000648,121.1368815,14.75081436
649,74390.96154,PH201700000649,121.1514217,14.64143448
650,94702.8,PH201700000650,121.2772085,14.50290074
651,83350.83333,PH201700000651,121.2101842,14.47379962
652,61643.91667,PH201700000652,121.122779,14.54738403
653,62594.80769,PH201700000653,121.126348,14.56594205
654,180158.35,PH201700000654,121.1679388,14.74457523
655,67563.19231,PH201700000655,121.1674581,14.62718586
656,49459.38462,PH201700000656,121.2394933,14.51401271
657,-2495.12,PH201700000657,121.1486495,14.58210637
658,91203.68182,PH201700000658,121.1367919,14.55277897
659,104704.5556,PH201700000659,122.0340716,13.47219201
660,-514.7916667,PH201700000660,121.858362,13.44571661
661,1959.04,PH201700000661,122.1313694,13.53069764
662,18680.43478,PH201700000662,121.8409166,13.43476223
663,-32068.54545,PH201700000663,121.9835389,13.26344577
664,18689.56522,PH201700000664,122.0535393,13.33579104
665,75710.19048,PH201700000665,121.8381706,13.46839018
666,-18297.75,PH201700000666,121.8809747,13.52973788
667,-3867.227273,PH201700000667,121.9372008,13.48666661
668,75165.91304,PH201700000668,121.8215566,13.44685669
669,9491.823529,PH201700000669,121.9621875,13.24218617
670,-17527.73913,PH201700000670,122.123075,13.36089126
671,37294.9,PH201700000671,120.595283,13.23016266
672,-74636.04762,PH201700000672,120.653445,13.21961024
673,-36011.125,PH201700000673,120.8062739,13.01937733
674,22624.86957,PH201700000674,121.0685333,12.37647441
675,-6540,PH201700000675,121.0314348,12.38276944
676,-51691.33333,PH201700000676,121.1242588,12.28543999
677,-21793.5,PH201700000677,120.8163931,12.86274779
678,8735.590909,PH201700000678,120.8542963,12.72152777
679,-76072.0625,PH201700000679,120.9093695,12.94552149
680,-66426.09524,PH201700000680,120.9549448,12.50872657
681,-58264.17391,PH201700000681,121.0048019,12.42939936
682,-168131,PH201700000682,121.248202,12.37695014
683,36101.88462,PH201700000683,121.2112163,13.40686316
684,14684.3913,PH201700000684,121.2582098,13.25477511
685,27825.81818,PH201700000685,121.177303,13.41456827
686,-20671.91304,PH201700000686,121.4865395,12.96005823
687,-16658.46154,PH201700000687,121.5158732,12.59224811
688,-42154.40909,PH201700000688,121.4661176,12.87492365
689,70717.86957,PH201700000689,121.2537091,13.14058449
690,-3298.444444,PH201700000690,121.0010754,13.42375448
691,83983.28571,PH201700000691,121.1624055,13.40594776
692,54882.18182,PH201700000692,121.4853541,12.73276589
693,-1231.5,PH201700000693,121.4944283,12.58755935
694,-62951.73333,PH201700000694,121.544482,12.60822436
695,-11944,PH201700000695,118.7288961,9.794711695
696,70876.33333,PH201700000696,118.7408149,9.781820703
697,23508.4,PH201700000697,118.7181869,9.781500406
698,-29987.9375,PH201700000698,118.7739123,9.998955928
699,121195.9412,PH201700000699,118.7646557,9.74065024
700,76570.84211,PH201700000700,118.7565495,9.737632493
701,7417.769231,PH201700000701,118.7526369,9.730334398
702,-48427.94118,PH201700000702,118.7327766,9.732634141
703,11391.54545,PH201700000703,119.2595941,10.53310165
704,-93587.28571,PH201700000704,119.8640725,10.49919188
705,-65852.86957,PH201700000705,119.4637999,11.1045145
706,44148.70588,PH201700000706,117.9971895,9.240690355
707,-98497.06667,PH201700000707,117.6863752,8.758012203
708,-116705.5217,PH201700000708,117.5374914,8.669914781
709,-39132.27778,PH201700000709,119.4662454,11.21468817
710,-130526.5,PH201700000710,120.2369636,11.9557805
711,-79704.25,PH201700000711,119.4117151,11.01357448
712,-114376.2,PH201700000712,117.8858391,8.874421702
713,122956.1304,PH201700000713,117.425851,8.534618052
714,-154460.3333,PH201700000714,117.930622,9.201083809
715,17910.6,PH201700000715,122.0157108,12.37546357
716,-21862.95455,PH201700000716,122.0563797,12.28576296
717,-32838.14286,PH201700000717,121.9575759,12.37869466
718,31208.82609,PH201700000718,122.6048206,12.31295037
719,-65920.95652,PH201700000719,122.5191497,12.4730116
720,-51405.69565,PH201700000720,122.5184401,12.48214837
721,104390.2609,PH201700000721,121.9471581,12.38068201
722,21862.52,PH201700000722,122.0148012,12.48041205
723,9674.043478,PH201700000723,121.948492,12.33211249
724,-66466.27273,PH201700000724,122.0820363,12.82516285
725,-48710.7037,PH201700000725,122.3089622,12.50651341
726,-59945.20833,PH201700000726,122.6418234,12.35961708
727,14376.68,PH201700000727,123.7719357,13.27363213
728,-23843.95652,PH201700000728,123.4386607,13.26170393
729,-38756.54167,PH201700000729,123.4869415,13.23687536
730,39041.30435,PH201700000730,123.7473218,13.1311121
731,-67156.16,PH201700000731,123.6905632,13.13668923
732,33822.1,PH201700000732,123.6904816,13.06549199
733,25460.58333,PH201700000733,123.7204996,13.24550725
734,16195.125,PH201700000734,123.7366891,13.33043381
735,-68971.3,PH201700000735,123.9552537,13.24440796
736,2193.583333,PH201700000736,123.5894019,13.09828986
737,-7680.25,PH201700000737,123.6573712,13.09645334
738,-84894.47826,PH201700000738,123.5682001,13.12952552
739,-59268.72727,PH201700000739,122.5722609,14.27134166
740,-44986.5,PH201700000740,122.6371617,14.17541238
741,-22596.83333,PH201700000741,122.8608849,14.14829466
742,19269.66667,PH201700000742,122.976219,14.15093834
743,15930.34783,PH201700000743,122.9296374,14.17773961
744,-21454.6,PH201700000744,123.0313164,14.09495047
745,45770.2,PH201700000745,122.6925885,14.28225156
746,3327.055556,PH201700000746,122.8224223,14.27290651
747,-63602.90909,PH201700000747,122.5280538,14.1534498
748,9113.375,PH201700000748,122.9699025,14.1025359
749,50035.12,PH201700000749,123.0015172,14.11718328
750,-56370.40909,PH201700000750,122.9780935,14.10286981
751,-35965.52381,PH201700000751,123.3217348,13.28472417
752,-45298.04167,PH201700000752,123.6956534,13.86993108
753,-91994,PH201700000753,123.5346792,13.43257328
754,21700.04,PH201700000754,123.2794244,13.51785857
755,-5312.346154,PH201700000755,123.2213079,13.72697688
756,-106969.75,PH201700000756,0,0
757,81621.13043,PH201700000757,123.4093237,13.40797106
758,20824.70833,PH201700000758,123.5401703,13.76433194
759,-48356.375,PH201700000759,123.5917447,13.51110056
760,73762.63636,PH201700000760,123.1919966,13.63523026
761,3092.2,PH201700000761,123.124511,13.65390142
762,-9804.956522,PH201700000762,123.0831664,13.57808338
763,10018.19231,PH201700000763,124.3111018,13.88125779
764,-10267.84,PH201700000764,124.3010569,13.65555829
765,-43371.95833,PH201700000765,124.4033553,13.78929947
766,103069.8261,PH201700000766,124.2342779,13.5891743
767,11536,PH201700000767,124.1617516,13.57637139
768,-11089.68182,PH201700000768,124.0652086,13.62724566
769,4529.285714,PH201700000769,124.1668808,13.98627534
770,-25065.33333,PH201700000770,124.1451733,13.73822847
771,-66828.45833,PH201700000771,124.2876832,13.87364899
772,61152.29167,PH201700000772,124.2376322,13.60704608
773,-8381.043478,PH201700000773,124.1447577,13.58016326
774,-26695.7619,PH201700000774,124.034912,13.66386472
775,-67499.88,PH201700000775,123.524532,12.41490268
776,-53291.92,PH201700000776,123.389198,12.1798601
777,-126438.6364,PH201700000777,123.2539394,12.5104421
778,-42717.16667,PH201700000778,123.6960849,12.31746097
779,-88058.4,PH201700000779,123.8355481,11.95906048
780,-153464.9091,PH201700000780,0,0
781,-72678.6,PH201700000781,123.4610789,12.50733287
782,-19383.32,PH201700000782,123.3748767,12.46475062
783,-82476.36,PH201700000783,122.9871355,13.01775929
784,-33513.22222,PH201700000784,123.8164251,12.18167523
785,-35618.64,PH201700000785,124.0261172,11.7749011
786,-101811.6667,PH201700000786,0,0
787,-19626.92,PH201700000787,124.0412118,13.03183385
788,-42518.46154,PH201700000788,123.9150124,12.99082476
789,51626.64,PH201700000789,124.0943148,12.8888773
790,-43572.28571,PH201700000790,123.9906017,12.66243782
791,-15834.36364,PH201700000791,124.0374822,12.69398888
792,-80515.32,PH201700000792,124.0281987,12.55669861
793,-19339.07692,PH201700000793,124.1339919,13.01084774
794,54565.4,PH201700000794,123.9968722,12.97045672
795,-85299.04167,PH201700000795,123.7594409,13.00631655
796,13034.16,PH201700000796,124.1438777,12.82107086
797,-57411.96154,PH201700000797,123.98404,12.75985432
798,-63833.5,PH201700000798,124.1368494,12.70266787
799,32161.48,PH201700000799,122.3121071,11.70445654
800,21639.91667,PH201700000800,122.3777909,11.6797152
801,-22799.04167,PH201700000801,121.9247169,11.83526763
802,43999.625,PH201700000802,122.3588608,11.63010368
803,31275.45833,PH201700000803,122.4659007,11.57579332
804,-106171.56,PH201700000804,122.2504079,11.52340343
805,30089.77273,PH201700000805,122.3784901,11.71772581
806,-11473.91667,PH201700000806,122.0683357,11.80189746
807,44442.625,PH201700000807,121.9317036,11.94865078
808,-35195.04348,PH201700000808,122.0474907,11.85671988
809,-22903.75,PH201700000809,122.4283342,11.57197243
810,-28960.5,PH201700000810,122.4723147,11.61624806
811,-8945.692308,PH201700000811,122.0635075,11.29954003
812,-28264.3913,PH201700000812,122.0214466,10.89111755
813,-87580.12,PH201700000813,122.0771678,11.3182895
814,21012.32,PH201700000814,121.9474348,10.46828077
815,-8139.73913,PH201700000815,121.9974172,10.80589759
816,-17455.72727,PH201700000816,122.0748527,10.80699631
817,-1967.347826,PH201700000817,122.0790934,11.06308205
818,-65506.32,PH201700000818,122.0843524,11.39483406
819,-90931.38095,PH201700000819,122.1254934,11.01246114
820,-60125,PH201700000820,121.9168909,10.45771888
821,26157.52381,PH201700000821,121.9975886,10.76839686
822,-105219.375,PH201700000822,122.1661076,10.88186782
823,-2479.5,PH201700000823,122.742864,11.58063855
824,-15361.17857,PH201700000824,122.8326649,11.43873855
825,-90105.48,PH201700000825,122.9702776,11.36089549
826,-33855.33333,PH201700000826,122.6944646,11.30780888
827,-46213,PH201700000827,122.6665995,11.47231757
828,-163161.5,PH201700000828,122.4674075,11.29364163
829,54238.14815,PH201700000829,122.7405691,11.60193087
830,4493.48,PH201700000830,122.818735,11.44695127
831,-14733.76923,PH201700000831,122.7499846,11.47469409
832,34639.72,PH201700000832,122.6669587,11.39442823
833,-81944.875,PH201700000833,0,0
834,-66521.34615,PH201700000834,122.8443981,11.1943929
835,19494.32,PH201700000835,122.6088729,10.67807591
836,-41885.68182,PH201700000836,122.6948467,10.66550829
837,-45641,PH201700000837,122.7080046,10.623162
838,32277,PH201700000838,122.5961579,10.59737829
839,-47138.08333,PH201700000839,122.6957592,10.68323844
840,-12550.30435,PH201700000840,122.6812314,10.53747202
841,-18193.77273,PH201700000841,122.6618282,10.80951704
842,-40886,PH201700000842,122.7139995,10.64926881
843,-64214.52174,PH201700000843,122.6081708,10.52462
844,49418.5,PH201700000844,122.6351103,10.66792115
845,-6838.8,PH201700000845,122.6597668,10.73861866
846,-51976.70833,PH201700000846,122.6559707,10.4828828
847,96382.42857,PH201700000847,122.5555793,10.7803053
848,-11338,PH201700000848,122.5541927,10.72243093
849,-21578.57895,PH201700000849,122.5461369,10.73544591
850,-22955.82353,PH201700000850,122.5850921,10.69943596
851,48186.88235,PH201700000851,122.5048215,10.68219072
852,69558.16667,PH201700000852,122.5566395,10.71938226
853,47391.46154,PH201700000853,122.5492093,10.71020497
854,87860.66667,PH201700000854,122.5627575,10.7070279
855,-38383.82609,PH201700000855,122.6294404,11.17793096
856,-62541.55556,PH201700000856,123.0742181,11.52059761
857,-77128.45455,PH201700000857,122.9763369,11.1709442
858,-31779.41667,PH201700000858,122.1738212,10.64492423
859,-3702.5,PH201700000859,122.4424307,10.7276619
860,-54460.90909,PH201700000860,122.3349117,10.68529363
861,27783.96,PH201700000861,122.7825845,11.02670389
862,-19326.04167,PH201700000862,122.6353495,10.91975488
863,-43085.16,PH201700000863,122.5921442,11.06843268
864,33240.5,PH201700000864,122.172226,10.62680739
865,-37311.3913,PH201700000865,122.231326,10.77694619
866,-37071.33333,PH201700000866,122.4806903,11.0485973
867,63621.31579,PH201700000867,124.2311503,9.613805268
868,5311.181818,PH201700000868,124.1420317,10.10256533
869,-25112.80952,PH201700000869,124.5008282,10.05413794
870,77531.82609,PH201700000870,123.976302,9.678484072
871,-7535.95,PH201700000871,124.0291457,9.635972166
872,-1846.363636,PH201700000872,123.81514,9.905462831
873,13765.8,PH201700000873,124.2406419,9.623877335
874,-22700.59091,PH201700000874,0,0
875,-50319.54545,PH201700000875,124.3188357,10.06748662
876,43477.30435,PH201700000876,123.7958029,9.608463461
877,8117.478261,PH201700000877,123.9837978,9.615899628
878,-28825.46154,PH201700000878,123.9950486,9.82068553
879,133020.3333,PH201700000879,123.9270302,10.39065342
880,39905.72222,PH201700000880,123.9045385,10.31581452
881,121876.0909,PH201700000881,123.8794624,10.31691752
882,11613.88235,PH201700000882,123.9068358,10.30888525
883,128141.0556,PH201700000883,123.8556816,10.28089405
884,40447.05556,PH201700000884,123.8695018,10.28369807
885,69578.25,PH201700000885,123.873351,10.28785107
886,29240.23529,PH201700000886,123.8984123,10.31068102
887,158700.375,PH201700000887,123.9962598,10.30090598
888,34775.31579,PH201700000888,123.9867439,10.30287704
889,67016.41176,PH201700000889,123.9751118,10.32403712
890,43155.05882,PH201700000890,124.0018384,10.29033426
891,-11480.875,PH201700000891,123.9745903,10.32142627
892,63436.4,PH201700000892,123.9546558,10.30720029
893,94626.73684,PH201700000893,123.9388349,10.3070701
894,-49389.6,PH201700000894,124.054939,10.27194408
895,57730.76471,PH201700000895,123.9195968,10.35317066
896,60461.84211,PH201700000896,123.9515667,10.35908388
897,-40797.19048,PH201700000897,123.9520854,10.35749366
898,12705.5,PH201700000898,123.9257359,10.37467489
899,92972.71429,PH201700000899,123.9531224,10.32755758
900,67621.35294,PH201700000900,123.9439762,10.34706733
901,45058.27778,PH201700000901,123.9336823,10.32723396
902,37168.3,PH201700000902,123.9512987,10.3331504
903,62239.33333,PH201700000903,123.9567933,10.25840198
904,20536.81818,PH201700000904,123.9592276,10.25674019
905,-61582.34783,PH201700000905,123.8663263,10.68597201
906,27080.5,PH201700000906,123.7520021,10.22058871
907,12528.90909,PH201700000907,123.6680824,10.09795438
908,-63058.68182,PH201700000908,123.5276104,10.08610971
909,16249.9,PH201700000909,123.6507996,10.38110323
910,-36808.66667,PH201700000910,123.6773561,10.43668738
911,-66413.82609,PH201700000911,123.7740511,10.53668502
912,18143.90476,PH201700000912,123.7806671,10.24361219
913,-32951.7,PH201700000913,123.6095649,10.34930518
914,-59710.40909,PH201700000914,123.6490673,10.28387301
915,-38021.70833,PH201700000915,123.5882734,9.21353087
916,24336.45455,PH201700000916,123.5033375,9.190866575
917,-32460.34783,PH201700000917,123.4652511,9.215933315
918,32430.84,PH201700000918,123.6383944,9.199052759
919,-24072.8,PH201700000919,123.6924839,9.142245421
920,-37597.9,PH201700000920,123.5151466,9.150144187
921,52024.81818,PH201700000921,123.5286195,9.223102776
922,-39262.04348,PH201700000922,123.6388219,9.175341883
923,-17381.52174,PH201700000923,123.485166,9.184651772
924,30202.33333,PH201700000924,123.6125775,9.288336088
925,-55783.45833,PH201700000925,123.5549372,9.151689871
926,-13354.5,PH201700000926,123.5511203,9.12091371
927,53763.88,PH201700000927,124.3942043,11.59365394
928,-23136.65385,PH201700000928,124.4244844,11.53266904
929,-2128.458333,PH201700000929,124.3709127,11.69172369
930,-42825.8,PH201700000930,124.3780567,11.68704142
931,-8731.875,PH201700000931,124.4721722,11.54543214
932,-12823.68,PH201700000932,124.5517035,11.51555295
933,24427.85,PH201700000933,124.3586801,11.65917616
934,-47979.48,PH201700000934,124.3702544,11.65668263
935,-17769.52632,PH201700000935,124.5318154,11.67051735
936,10950.18182,PH201700000936,124.5705397,11.47788466
937,-52081.31579,PH201700000937,124.4936058,11.48875793
938,-53265.85,PH201700000938,124.4552746,11.4992899
939,-30887.59091,PH201700000939,125.4383839,11.98251149
940,-20860.18182,PH201700000940,125.3960001,12.24779044
941,-106072.9615,PH201700000941,125.2587913,12.30566842
942,-39026.24,PH201700000942,125.7261511,11.08193671
943,-37139.54545,PH201700000943,125.4671969,11.42826472
944,-51055.6,PH201700000944,125.3748174,11.1236709
945,-82756.59091,PH201700000945,125.349077,12.24900234
946,-27114.20833,PH201700000946,125.4830136,12.10402574
947,70245.63636,PH201700000947,125.4461738,11.59165934
948,1702.954545,PH201700000948,125.6882999,11.13161788
949,10692.57143,PH201700000949,125.7315477,11.03731293
950,-96338.71429,PH201700000950,125.4418874,11.2128926
951,37739.64706,PH201700000951,124.9928256,11.22778476
952,76929.86667,PH201700000952,124.9574699,11.26191259
953,84462,PH201700000953,124.9988091,11.22980089
954,-71067,PH201700000954,125.0040574,11.23982164
955,140197.6875,PH201700000955,125.0109172,11.19691505
956,42722.21429,PH201700000956,125.0023637,11.22200672
957,219.4705882,PH201700000957,124.9959972,11.20784275
958,-10405,PH201700000958,124.9894174,11.25490149
959,-16936.26087,PH201700000959,124.7554551,11.32376412
960,-32713.58333,PH201700000960,124.4276742,10.992445
961,34855.08,PH201700000961,124.9864032,11.17811339
962,-29775.43478,PH201700000962,124.8542494,10.64358171
963,-8374.269231,PH201700000963,124.9357707,11.036223
964,-64389.08,PH201700000964,124.9882875,10.99044871
965,35539.22727,PH201700000965,124.5845418,11.01548261
966,52.60869565,PH201700000966,124.3919677,10.95060669
967,1195.791667,PH201700000967,124.7733875,11.28802581
968,15050.90909,PH201700000968,124.8851631,11.07532597
969,-60937.79167,PH201700000969,124.9526698,11.0515732
970,-444,PH201700000970,124.9816678,10.81006847
971,-65298.28,PH201700000971,125.0213888,12.49585171
972,-18630.125,PH201700000972,125.3280113,12.30923652
973,-61515.45455,PH201700000973,125.1129067,12.51459111
974,-11074.87097,PH201700000974,124.3376453,12.36164061
975,-126683.2692,PH201700000975,124.65719,12.35942374
976,-46133.21739,PH201700000976,124.3499438,12.44141762
977,-15827.42857,PH201700000977,125.0398361,12.56724824
978,-70321.19231,PH201700000978,125.1405931,12.58942771
979,-48521.5,PH201700000979,125.2538403,12.33687651
980,102735.8,PH201700000980,124.6522953,12.48450414
981,-30191.70833,PH201700000981,124.2821573,12.53873284
982,-42656.125,PH201700000982,124.4113663,12.51889322
983,45758.48,PH201700000983,124.9659792,10.37959694
984,-44626.45,PH201700000984,125.2487665,9.929494348
985,-53272.56522,PH201700000985,124.9719775,10.47900711
986,-78238.17391,PH201700000986,124.9358466,10.42143418
987,153.44,PH201700000987,124.9525675,10.10528442
988,-8364.782609,PH201700000988,124.8320169,10.20456209
989,50162.96,PH201700000989,125.1192572,10.26385158
990,1901.380952,PH201700000990,125.1275457,10.54922931
991,-16371.47619,PH201700000991,125.237044,10.26044297
992,7728.44,PH201700000992,124.9659803,10.38180841
993,-57190.47826,PH201700000993,124.8931276,10.249214
994,-43403.80769,PH201700000994,125.019089,10.05076979
995,101026.2273,PH201700000995,124.908683,11.75018857
996,-61995.75,PH201700000996,124.5246335,12.15211655
997,-58042.47826,PH201700000997,124.8533742,11.68517636
998,50119.95238,PH201700000998,125.0629317,11.28463403
999,-39330.68,PH201700000999,125.044047,11.6980717
1000,-78642.61905,PH201700001000,124.8850169,11.6796385
1001,-16307.58824,PH201700001001,124.6014654,12.09195547
1002,-77431.27273,PH201700001002,124.7245934,11.98093351
1003,-29992.375,PH201700001003,124.4443258,12.17622024
1004,-34028.80952,PH201700001004,125.0035155,11.59906195
1005,-91880.22727,PH201700001005,124.8425069,11.5284936
1006,-55683.17647,PH201700001006,125.083616,11.90303937
1007,76454.08696,PH201700001007,123.341973,8.592851077
1008,-50991.3,PH201700001008,123.295181,8.482195337
1009,-73427.625,PH201700001009,123.400063,8.720344573
1010,-21374.42105,PH201700001010,122.9951227,8.226201523
1011,-78642.64706,PH201700001011,123.0076483,8.320868778
1012,-85255.36842,PH201700001012,122.5478014,8.040577699
1013,-54103.21739,PH201700001013,123.4186938,8.481170919
1014,-82159.25,PH201700001014,123.5115092,8.62138702
1015,-145241.6818,PH201700001015,123.2429051,8.371350371
1016,-88404.59091,PH201700001016,122.7557576,8.082382804
1017,-112864.4,PH201700001017,122.1424626,7.75928432
1018,-133883.619,PH201700001018,123.1329885,8.141329979
1019,-13951.09524,PH201700001019,123.344664,8.192497902
1020,-56504.31818,PH201700001020,123.4479428,8.08580934
1021,-159180.9,PH201700001021,123.1838909,8.000816512
1022,-97218.95455,PH201700001022,123.3009397,7.468686992
1023,-132993.4,PH201700001023,122.9994022,7.850175407
1024,-138583.5789,PH201700001024,123.0331408,7.918496068
1025,29059.5,PH201700001025,123.4338872,7.831031818
1026,-13487.44,PH201700001026,123.4031997,8.10917738
1027,-38566.18182,PH201700001027,123.5433447,8.111240078
1028,151081.4706,PH201700001028,123.4512532,7.840776109
1029,-80532.22727,PH201700001029,123.1452261,7.757755414
1030,-65092.27273,PH201700001030,123.3785779,7.404185419
1031,-4401,PH201700001031,121.9726211,6.962419423
1032,-23167.46667,PH201700001032,122.0706633,6.955992994
1033,44724.5,PH201700001033,122.1801396,6.993674621
1034,-41293.95,PH201700001034,122.2469985,7.233871878
1035,120285.5,PH201700001035,122.0747314,6.934601639
1036,-44450.56,PH201700001036,122.0523482,6.917528018
1037,103289.2778,PH201700001037,122.0867491,6.928438186
1038,-53448.55556,PH201700001038,122.0965609,6.905887539
1039,-10359.40909,PH201700001039,122.4376272,7.679393506
1040,-72027.13636,PH201700001040,122.5140523,7.721411431
1041,-85496.68182,PH201700001041,122.3686738,7.500201831
1042,-55030.78947,PH201700001042,122.833004,7.308354
1043,-82997.45455,PH201700001043,122.9394603,7.642949779
1044,-93431.47059,PH201700001044,122.975084,7.640207975
1045,21841.67857,PH201700001045,122.5682408,7.767498372
1046,-102004.4348,PH201700001046,122.644768,7.803767894
1047,-88874.77273,PH201700001047,122.4185193,7.690191318
1048,-12183.3,PH201700001048,122.9453842,7.654307883
1049,-40901.58333,PH201700001049,122.9925465,7.784123945
1050,-63385.63158,PH201700001050,122.8419042,7.537433961
1051,67669.53846,PH201700001051,125.1347152,8.157521794
1052,-58505.05263,PH201700001052,125.3117096,8.103612425
1053,-82835.17391,PH201700001053,125.0195588,8.114030657
1054,8576.75,PH201700001054,125.0869282,7.783089079
1055,-37939.6087,PH201700001055,124.9979275,7.571678772
1056,-69504.90476,PH201700001056,124.8935065,7.537625827
1057,45591.33333,PH201700001057,124.8017891,8.358799972
1058,-64642.29167,PH201700001058,124.7723171,8.286680714
1059,-85615.54545,PH201700001059,124.904513,8.286974892
1060,82725.75,PH201700001060,125.0812184,7.898787014
1061,-32649.63636,PH201700001061,125.1280696,7.627939775
1062,-66383.5,PH201700001062,124.9560508,7.611065957
1063,59033.7,PH201700001063,124.2734864,8.246866253
1064,170304.8824,PH201700001064,124.2433764,8.239211177
1065,85595.6,PH201700001065,124.2667357,8.255820726
1066,-132589.4375,PH201700001066,124.4000156,8.31315823
1067,64936.26316,PH201700001067,124.1920821,8.198156782
1068,34247.36842,PH201700001068,124.1858245,8.192387078
1069,23330.13636,PH201700001069,124.2434207,8.213182223
1070,-61411.52632,PH201700001070,124.2535857,8.203554761
1071,7300.045455,PH201700001071,124.0239078,8.190815876
1072,-119317.9143,PH201700001072,124.2382444,8.129312499
1073,-109194.9524,PH201700001073,124.3170209,8.123137855
1074,2215.666667,PH201700001074,123.7494754,7.978805254
1075,-82379.5,PH201700001075,123.852353,7.995299778
1076,8956.681818,PH201700001076,123.6961688,7.956497086
1077,-32854.82609,PH201700001077,124.0840855,8.190652065
1078,-95630.47368,PH201700001078,124.2164302,8.133280242
1079,-138044.9286,PH201700001079,123.9731758,8.018307174
1080,15466.25,PH201700001080,123.8377567,7.904137226
1081,-28988.43478,PH201700001081,123.7045976,7.816185409
1082,-107300.6522,PH201700001082,123.8373198,7.896733162
1083,-26607.7619,PH201700001083,123.8414457,8.335271815
1084,-44540.95833,PH201700001084,123.7684719,8.437287105
1085,-69083.09091,PH201700001085,123.590867,8.580083561
1086,35600.7619,PH201700001086,123.8171855,8.154066713
1087,14771.8,PH201700001087,123.7192207,8.062322384
1088,-103728.3333,PH201700001088,123.6220438,8.074893413
1089,-29340.86364,PH201700001089,123.6175887,8.554307011
1090,-46819.54545,PH201700001090,123.8131169,8.360856076
1091,-85580.75,PH201700001091,123.7294414,8.519684765
1092,36834.375,PH201700001092,123.8279729,8.158594223
1093,-39226.23077,PH201700001093,123.8357827,8.17422972
1094,-139680.3043,PH201700001094,123.7325077,8.227545222
1095,102534.3158,PH201700001095,124.760883,8.505977194
1096,31280.30769,PH201700001096,124.6333888,8.460382664
1097,17399.27778,PH201700001097,124.7091689,8.474392709
1098,-23847.15789,PH201700001098,124.7702933,8.483338439
1099,20396.78261,PH201700001099,124.6543532,8.501321258
1100,-8106.125,PH201700001100,124.6594988,8.495188142
1101,22054.95238,PH201700001101,124.6040225,8.475241928
1102,-29551,PH201700001102,124.6598697,8.50063163
1103,-48974.91667,PH201700001103,124.8166744,8.758634168
1104,-19215.61538,PH201700001104,124.792436,8.780469513
1105,-90588.88,PH201700001105,125.0648083,8.748689094
1106,-62848,PH201700001106,124.7602974,8.650518222
1107,-20320.03846,PH201700001107,124.7829544,8.571439418
1108,-24542.34615,PH201700001108,124.5335974,8.498846193
1109,-10018.52381,PH201700001109,124.8101373,8.939392915
1110,-59301.08696,PH201700001110,125.1418538,8.806473947
1111,-86380.45833,PH201700001111,125.1595847,8.77124885
1112,33811.51852,PH201700001112,124.7590749,8.553525599
1113,-19270.88,PH201700001113,124.4552231,8.583593694
1114,-46219.53571,PH201700001114,124.4735092,8.610280345
1115,-19631.68,PH201700001115,124.670461,9.233702195
1116,-37989.95833,PH201700001116,124.7504724,9.175986184
1117,-37406.56522,PH201700001117,124.7914206,9.113290503
1118,50603.38462,PH201700001118,124.71045,9.249413995
1119,-10655.65217,PH201700001119,124.6726337,9.235818754
1120,-16091.47826,PH201700001120,124.720574,9.109898282
1121,18313.6,PH201700001121,124.6441409,9.235867272
1122,-38709.04167,PH201700001122,124.6663186,9.179848514
1123,-24528.69565,PH201700001123,124.7360809,9.119704245
1124,1602.166667,PH201700001124,124.6817188,9.22347798
1125,-2267.583333,PH201700001125,124.6748041,9.12641818
1126,-69825.7619,PH201700001126,124.6928758,9.156728003
1127,-32799.4,PH201700001127,126.1009974,7.572155788
1128,-82004.54167,PH201700001128,125.7889174,7.845526433
1129,-69626.07692,PH201700001129,125.7243583,7.941829073
1130,-28242.69231,PH201700001130,125.9105774,7.105598762
1131,-155112.9565,PH201700001131,125.9185693,7.20738091
1132,-43448.47619,PH201700001132,125.9258795,7.106374459
1133,-77100.07692,PH201700001133,126.0951868,7.508986015
1134,-31305.52941,PH201700001134,126.0502302,7.71657565
1135,-98496.08333,PH201700001135,125.8591109,7.794955184
1136,-28792.25,PH201700001136,126.046585,7.542829606
1137,-64644.11111,PH201700001137,126.1298702,7.320147991
1138,-81156.55556,PH201700001138,125.9388143,7.329969713
1139,66267.33333,PH201700001139,125.8038103,7.475713302
1140,-13420.47826,PH201700001140,125.647477,7.594178229
1141,-33922.4,PH201700001141,125.7362411,7.672427802
1142,43947.17857,PH201700001142,125.7684049,7.449077285
1143,28274.79167,PH201700001143,125.8058182,7.430804388
1144,-67064,PH201700001144,125.7114188,6.916375091
1145,88773.56522,PH201700001145,125.7954236,7.45780932
1146,-42615.77778,PH201700001146,125.7129832,7.471728035
1147,888.3636364,PH201700001147,125.6792006,7.466658658
1148,144258.0833,PH201700001148,125.8118157,7.434030259
1149,52217.08,PH201700001149,125.710162,7.35242312
1150,-1655.75,PH201700001150,125.6910325,7.351664378
1151,38937.82143,PH201700001151,125.6187551,7.100248799
1152,-17289.80952,PH201700001152,125.6507548,7.123669585
1153,-8910.611111,PH201700001153,125.4331428,7.19799327
1154,-67214.6,PH201700001154,125.30253,7.283084184
1155,42229.4,PH201700001155,125.5852003,7.055474349
1156,-21785.88636,PH201700001156,125.6043944,7.067839373
1157,-4416.193548,PH201700001157,125.614511,7.063979122
1158,-61491.84211,PH201700001158,125.415988,6.958486772
1159,13405.37037,PH201700001159,125.3706307,6.759835831
1160,4270.636364,PH201700001160,125.2486904,6.794618196
1161,-39778.22222,PH201700001161,125.2560701,6.805049435
1162,27537.25,PH201700001162,125.3015977,6.685066618
1163,-33162.04,PH201700001163,125.2535149,6.725639831
1164,-92267.64,PH201700001164,125.2176396,6.622672441
1165,4704.444444,PH201700001165,125.3715089,6.758956986
1166,-85025.34783,PH201700001166,125.4420981,6.909037906
1167,-68687.2,PH201700001167,125.3143022,6.825235834
1168,2816.04,PH201700001168,125.2184667,6.631404476
1169,-23944.26087,PH201700001169,125.245754,6.668311872
1170,-45738.73913,PH201700001170,125.2246114,6.594535334
1171,32982.51852,PH201700001171,125.60655,6.407900495
1172,-62598.36364,PH201700001172,125.5590969,6.440193891
1173,-130505.88,PH201700001173,125.5389384,6.348910373
1174,-111779.2917,PH201700001174,125.5803648,6.301033031
1175,-140963.0769,PH201700001175,125.6744676,6.09300372
1176,-118631.92,PH201700001176,125.510183,5.770200136
1177,-1750.375,PH201700001177,125.6150206,6.398041938
1178,-126975.2727,PH201700001178,125.6138476,6.287564748
1179,-145935.125,PH201700001179,125.4875135,6.393525238
1180,-129154.3704,PH201700001180,125.3916507,5.434064459
1181,-143537.84,PH201700001181,125.6702201,6.103271057
1182,-183334.5652,PH201700001182,125.6446073,5.979381571
1183,-23747.04348,PH201700001183,126.0325028,6.961371049
1184,-97337.55556,PH201700001184,126.4594746,7.312165528
1185,-59694.05263,PH201700001185,126.544872,7.225380902
1186,94910.38095,PH201700001186,126.2020314,6.96184625
1187,-35721.09091,PH201700001187,126.228201,6.947346996
1188,-69828.82609,PH201700001188,126.0898314,6.54050257
1189,-123721.7143,PH201700001189,126.4275394,7.78348124
1190,-21882.75,PH201700001190,126.5716896,7.568784157
1191,-79011.33333,PH201700001191,126.4916807,7.235901289
1192,-37580.38095,PH201700001192,126.2081587,6.962434161
1193,-84318.73077,PH201700001193,126.4427806,7.017314811
1194,-100142.6667,PH201700001194,126.2835471,7.017930153
1195,9075.8,PH201700001195,124.853319,7.162864613
1196,-89517.04545,PH201700001196,124.8586157,7.05740226
1197,-177150.1154,PH201700001197,0,0
1198,60692.33333,PH201700001198,125.0825939,7.024369545
1199,-71778.28571,PH201700001199,124.9015466,6.775397832
1200,-75336.91304,PH201700001200,125.0561461,7.224874906
1201,27104,PH201700001201,124.5729325,7.230433257
1202,-99916.09091,PH201700001202,124.4940433,7.308177076
1203,-93246.52,PH201700001203,124.7488554,7.301156326
1204,-1473.894737,PH201700001204,124.9221184,6.895282187
1205,-16486.08333,PH201700001205,125.1500379,7.025895549
1206,-72992.89474,PH201700001206,124.9664647,6.987793255
1207,-113691.0556,PH201700001207,125.2909952,5.871313453
1208,4838.304348,PH201700001208,125.2816107,6.094983326
1209,-150661.75,PH201700001209,0,0
1210,28526.75,PH201700001210,124.4855635,6.069236909
1211,-70240.80952,PH201700001211,124.8084104,5.917050354
1212,-33382.7619,PH201700001212,125.3166824,5.667502862
1213,-33189.54167,PH201700001213,0,0
1214,-75475.63636,PH201700001214,125.2888889,6.295555323
1215,-162025.2857,PH201700001215,0,0
1216,-34318.56522,PH201700001216,124.6055873,6.054463679
1217,33690.72,PH201700001217,125.2048959,5.799322224
1218,-115057.7083,PH201700001218,124.5274697,6.09461289
1219,149620.7857,PH201700001219,125.118978,6.13877574
1220,19548.63158,PH201700001220,125.2229249,6.117777547
1221,5544.217391,PH201700001221,125.1615466,6.109690883
1222,-30268.05556,PH201700001222,125.1627203,6.105227899
1223,-15519.44444,PH201700001223,125.1305629,6.051468177
1224,46526.27778,PH201700001224,125.143097,6.090891606
1225,-16542.89474,PH201700001225,125.1431197,6.077918026
1226,494.8,PH201700001226,125.1496417,6.062303625
1227,46.65384615,PH201700001227,124.9326007,6.48704666
1228,20220.44,PH201700001228,124.7548916,6.562761982
1229,-9967.904762,PH201700001229,124.6532725,6.524216131
1230,-4982.863636,PH201700001230,124.9294225,6.333842497
1231,-18439.5,PH201700001231,124.9437149,6.455321678
1232,-126462.1364,PH201700001232,124.8958985,6.243727868
1233,90693.78261,PH201700001233,124.8374803,6.49922078
1234,-1820.153846,PH201700001234,124.9192858,6.527264474
1235,-108974.8421,PH201700001235,124.848013,6.287429361
1236,-78421.34783,PH201700001236,124.7561969,6.570550968
1237,-79755,PH201700001237,124.916697,6.281467906
1238,-61813.2,PH201700001238,124.9882645,6.373053594
1239,-11778.09091,PH201700001239,124.6391041,6.662133675
1240,65631.08696,PH201700001240,124.6713137,6.66610887
1241,49715.52,PH201700001241,124.5985738,6.611829821
1242,-53535.08,PH201700001242,124.2582135,6.215019806
1243,-61428.34783,PH201700001243,124.0599867,6.587188725
1244,-102709.625,PH201700001244,124.2719561,6.437929518
1245,10443.73913,PH201700001245,124.5502553,6.720661292
1246,-45677.12,PH201700001246,124.5523076,6.730435552
1247,-135111.92,PH201700001247,124.9467399,6.766545097
1248,-14459.16667,PH201700001248,124.5963877,6.643205854
1249,-51500.27273,PH201700001249,124.6196499,6.444718563
1250,-101887.88,PH201700001250,124.1735711,6.631737445